test name,test year,test language,test L A,Test LAA,Test Dir,Test Mdir,test OC,Test Stat,Test
test name,test year,test language,test L A,Test LAA,Test Dir,Test Mdir,test OC,Test Stat,Test
test name,test year,test language,test L A,Test LAA,Test Dir,Test Mdir,test OC,Test Stat,Test
test name,test year,test language,test L A,Test LAA,Test Dir,Test Mdir,test OC,Test Stat,Test
test name,test year,test language,test L A,Test LAA,Test Dir,Test Mdir,test OC,Test Stat,Test
test name,test year,test language,test L A,Test LAA,Test Dir,Test Mdir,test OC,Test Stat,Test
test name,test year,test language,test L A,Test LAA,Test Dir,Test Mdir,test OC,Test Stat,Test
test name,test year,test language,test L A,Test LAA,Test Dir,Test Mdir,test OC,Test Stat,Test
test name,test year,test language,test L A,Test LAA,Test Dir,Test Mdir,test OC,Test Stat,Test
test name,test year,test language,test L A,Test LAA,Test Dir,Test Mdir,test OC,Test Stat,Test
test name,test year,test language,test L A,Test LAA,Test Dir,Test Mdir,test OC,Test Stat,Test
